phase,timestamp,index,name,memory.used.MiB,memory.total.MiB,utilization.gpu.percent,temperature.gpu.C,power.draw.W,clocks.current.graphics.MHz
before,2026/10/06 22:08:36.482, 0, NVIDIA GeForce RTX 2060, 48, 6144, 15, 49, 6.09, 300
running,2026/10/06 22:08:37.167, 0, NVIDIA GeForce RTX 2060, 48, 6144, 14, 49, 6.18, 300
running,2026/10/06 22:08:40.702, 0, NVIDIA GeForce RTX 2060, 178, 6144, 4, 52, 26.55, 1005
running,2026/10/06 22:08:44.191, 0, NVIDIA GeForce RTX 2060, 178, 6144, 14, 51, 6.34, 375
running,2026/10/06 22:08:47.682, 0, NVIDIA GeForce RTX 2060, 178, 6144, 14, 51, 6.70, 300
running,2026/10/06 22:08:51.180, 0, NVIDIA GeForce RTX 2060, 178, 6144, 15, 51, 6.54, 300
running,2026/10/06 22:08:54.665, 0, NVIDIA GeForce RTX 2060, 201, 6144, 14, 51, 6.49, 300
running,2026/10/06 22:08:58.146, 0, NVIDIA GeForce RTX 2060, 201, 6144, 14, 51, 6.66, 300
running,2026/10/06 22:09:01.650, 0, NVIDIA GeForce RTX 2060, 201, 6144, 15, 52, 6.82, 300
running,2026/10/06 22:09:05.176, 0, NVIDIA GeForce RTX 2060, 201, 6144, 14, 52, 6.79, 300
running,2026/10/06 22:09:08.653, 0, NVIDIA GeForce RTX 2060, 201, 6144, 14, 52, 6.70, 300
running,2026/10/06 22:09:12.141, 0, NVIDIA GeForce RTX 2060, 201, 6144, 14, 52, 6.42, 300
running,2026/10/06 22:09:15.635, 0, NVIDIA GeForce RTX 2060, 201, 6144, 14, 53, 6.72, 300
running,2026/10/06 22:09:19.119, 0, NVIDIA GeForce RTX 2060, 201, 6144, 14, 53, 6.59, 300
running,2026/10/06 22:09:22.610, 0, NVIDIA GeForce RTX 2060, 201, 6144, 15, 53, 6.72, 300
running,2026/10/06 22:09:26.119, 0, NVIDIA GeForce RTX 2060, 234, 6144, 15, 53, 7.70, 300
running,2026/10/06 22:09:29.635, 0, NVIDIA GeForce RTX 2060, 919, 6144, 22, 52, 6.72, 300
running,2026/10/06 22:09:33.152, 0, NVIDIA GeForce RTX 2060, 1273, 6144, 24, 52, 6.71, 630
