phase,timestamp,index,name,memory.used.MiB,memory.total.MiB,utilization.gpu.percent,temperature.gpu.C,power.draw.W,clocks.current.graphics.MHz
before,2026/10/06 04:41:40.948, 0, NVIDIA GeForce RTX 2060, 45, 6144, 13, 50, 6.78, 300
running,2026/10/06 04:41:41.535, 0, NVIDIA GeForce RTX 2060, 45, 6144, 13, 50, 6.69, 300
running,2026/10/06 04:41:44.995, 0, NVIDIA GeForce RTX 2060, 112, 6144, 4, 51, 26.31, 1005
running,2026/10/06 04:41:48.490, 0, NVIDIA GeForce RTX 2060, 112, 6144, 8, 51, 6.78, 375
running,2026/10/06 04:41:51.962, 0, NVIDIA GeForce RTX 2060, 112, 6144, 14, 51, 6.79, 300
running,2026/10/06 04:41:55.456, 0, NVIDIA GeForce RTX 2060, 297, 6144, 14, 51, 6.70, 300
running,2026/10/06 04:41:58.969, 0, NVIDIA GeForce RTX 2060, 307, 6144, 3, 53, 26.63, 1005
running,2026/10/06 04:42:02.416, 0, NVIDIA GeForce RTX 2060, 323, 6144, 12, 51, 6.70, 375
running,2026/10/06 04:42:05.964, 0, NVIDIA GeForce RTX 2060, 2092, 6144, 34, 51, 6.58, 480
running,2026/10/06 04:42:09.524, 0, NVIDIA GeForce RTX 2060, 2441, 6144, 98, 68, 114.23, 1710
running,2026/10/06 04:42:13.154, 0, NVIDIA GeForce RTX 2060, 2445, 6144, 95, 75, 110.02, 1650
running,2026/10/06 04:42:16.732, 0, NVIDIA GeForce RTX 2060, 2449, 6144, 90, 78, 105.04, 1530
running,2026/10/06 04:42:20.242, 0, NVIDIA GeForce RTX 2060, 2450, 6144, 98, 79, 99.01, 1545
running,2026/10/06 04:42:23.756, 0, NVIDIA GeForce RTX 2060, 2450, 6144, 98, 80, 101.19, 1545
running,2026/10/06 04:42:27.260, 0, NVIDIA GeForce RTX 2060, 2450, 6144, 98, 80, 94.62, 1515
running,2026/10/06 04:42:30.800, 0, NVIDIA GeForce RTX 2060, 2450, 6144, 98, 80, 92.76, 1455
running,2026/10/06 04:42:34.285, 0, NVIDIA GeForce RTX 2060, 2450, 6144, 98, 80, 93.11, 1290
running,2026/10/06 04:42:37.772, 0, NVIDIA GeForce RTX 2060, 2450, 6144, 98, 81, 81.85, 1380
running,2026/10/06 04:42:41.250, 0, NVIDIA GeForce RTX 2060, 2450, 6144, 98, 81, 86.56, 1410
running,2026/10/06 04:42:44.735, 0, NVIDIA GeForce RTX 2060, 2450, 6144, 98, 81, 81.94, 1200
running,2026/10/06 04:42:48.210, 0, NVIDIA GeForce RTX 2060, 2450, 6144, 98, 81, 81.12, 1365
running,2026/10/06 04:42:51.666, 0, NVIDIA GeForce RTX 2060, 2450, 6144, 98, 81, 82.21, 1410
running,2026/10/06 04:42:55.145, 0, NVIDIA GeForce RTX 2060, 2450, 6144, 93, 81, 84.46, 1395
running,2026/10/06 04:42:58.613, 0, NVIDIA GeForce RTX 2060, 2450, 6144, 98, 82, 85.96, 1410
running,2026/10/06 04:43:02.139, 0, NVIDIA GeForce RTX 2060, 2450, 6144, 98, 81, 84.86, 1095
