time,processId,availableMB,commitPercent,privateMB,workingSetMB,treeTracked,treePrivateMB,treeWorkingSetMB,treeProcessCount
2026-10-06T21:54:29.2213397+02:00,22148,11342,54,0,3,False,0,3,1
2026-10-06T21:54:32.5483365+02:00,22148,10539,56,707,744,False,707,744,1
2026-10-06T21:54:35.8379856+02:00,22148,10436,56,829,862,False,829,862,1
2026-10-06T21:54:39.1345034+02:00,22148,9931,57,1167,1378,False,1167,1378,1
2026-10-06T21:54:42.4435038+02:00,22148,9672,58,1419,1655,False,1419,1655,1
2026-10-06T21:54:45.7358305+02:00,22148,9622,58,1468,1709,False,1468,1709,1
2026-10-06T21:54:49.0204666+02:00,22148,9607,58,1484,1724,False,1484,1724,1
2026-10-06T21:54:52.3090999+02:00,22148,9534,58,1581,1813,False,1581,1813,1
2026-10-06T21:54:55.6361950+02:00,22148,9086,59,2053,2242,False,2053,2242,1
2026-10-06T21:54:58.9260953+02:00,22148,8518,61,2661,2787,False,2661,2787,1
2026-10-06T21:55:02.2173514+02:00,22148,8449,61,2731,2856,False,2731,2856,1
