sample,frame_ms
0,18.80400
1,18.90040
2,18.59050
3,18.15470
4,18.84000
5,17.94110
6,19.13430
7,17.31210
8,17.93110
9,18.37280
10,18.50820
11,18.80630
12,18.16570
13,18.66860
14,17.82900
15,18.26570
16,17.95760
17,17.87930
18,17.79240
19,17.44070
20,17.67160
21,17.21230
22,18.22060
23,17.18710
24,18.00830
25,17.90760
26,18.03220
27,17.77460
28,17.83440
29,20.43070
30,18.11350
31,18.09050
32,18.10110
33,17.72880
34,18.82050
35,17.23940
36,17.85590
37,18.30150
38,17.73920
39,17.28210
40,18.20430
41,19.10590
42,16.43330
43,18.33680
44,17.20270
45,17.86370
46,17.78350
47,19.71100
48,22.21260
49,20.59720
50,20.77330
51,20.45920
52,20.90060
53,20.84180
54,19.43970
55,21.11910
56,20.18410
57,18.96570
58,18.51490
59,19.16620
60,18.26540
61,18.78250
62,18.65860
63,18.68090
64,18.92660
65,19.90280
66,16.85940
67,18.71060
68,18.13600
69,19.16900
70,18.27160
71,17.80240
72,17.62180
73,17.99230
74,18.97070
75,17.61520
76,18.58970
77,17.89400
78,18.25730
79,17.16750
80,17.94740
81,17.85990
82,17.04250
83,17.22620
84,17.42720
85,16.93310
86,17.86590
87,17.01110
88,17.81200
89,17.66150
90,18.16160
91,16.82340
92,17.59890
93,17.98040
94,17.04270
95,17.68790
96,18.00520
97,17.59740
98,17.81840
99,18.18190
100,16.35880
101,17.95870
102,18.38140
103,20.24920
104,21.71650
105,20.67400
106,20.83260
107,19.94680
108,20.83580
109,20.61380
110,19.89900
111,20.72600
112,20.29680
113,20.91750
114,18.49160
115,19.22320
116,18.74870
117,19.69780
118,25.58700
119,14.29300
120,18.02980
121,19.10940
122,18.28150
123,18.91710
124,18.91620
125,18.19170
126,18.34010
127,18.70750
128,17.73110
129,17.80770
130,17.94020
131,17.62800
132,18.17720
133,17.43330
134,18.85690
135,17.15440
136,17.97810
137,17.59820
138,17.39530
139,17.04490
140,17.71360
141,17.54500
142,17.21490
143,17.20310
144,17.77900
145,17.44600
146,17.54150
147,17.59270
148,17.48810
149,17.14760
150,18.14450
151,18.16610
152,17.43500
153,17.33670
154,18.02160
155,17.43640
156,17.87810
157,17.25230
158,17.91100
159,16.78940
160,17.61630
161,17.46500
162,17.68870
163,17.32630
164,17.60930
165,16.88420
166,16.83770
167,17.32470
168,17.92580
169,18.49110
170,21.05350
171,21.62930
172,21.40550
173,21.70600
174,20.32000
175,20.99040
176,21.02420
177,21.09200
178,21.66180
179,19.84570
180,20.08280
181,19.83510
182,19.01110
183,19.74920
184,18.36470
185,19.28960
186,19.06420
187,18.99110
188,19.22080
189,19.17000
190,18.98800
191,19.60980
192,18.30420
193,20.97320
194,18.72130
195,18.69660
196,18.76920
197,19.61570
198,17.71700
199,18.40850
200,18.93650
201,18.20280
202,19.06310
203,16.97530
204,18.54990
205,17.40600
206,17.94490
207,17.75840
208,19.56840
209,17.08320
210,17.14850
211,17.83200
212,18.13380
213,17.02640
214,18.32090
215,17.17610
216,17.32330
217,17.51490
218,16.87210
219,18.76100
220,16.55460
221,18.03090
222,17.76060
223,17.67460
224,16.23540
225,17.86340
226,16.72320
227,17.10130
228,17.11390
229,17.61380
230,17.36880
231,17.55690
232,17.59960
233,16.92320
234,17.08700
235,16.92080
236,17.21830
237,17.32020
238,16.77380
239,17.40090
240,17.13010
241,19.03380
242,16.89000
243,16.39430
244,16.99920
245,17.32830
246,17.99400
247,18.11740
248,22.02650
249,20.96480
250,21.97890
251,21.44840
252,20.92300
253,21.79360
254,20.93300
255,20.40860
256,21.58980
257,19.94890
258,21.35070
259,19.87050
260,19.01690
261,18.02840
262,19.03570
263,19.58160
264,18.93030
265,17.88160
266,19.32740
267,17.13310
268,16.58660
269,14.94080
270,15.21230
271,15.07120
272,15.53570
273,15.57430
274,14.63860
275,15.54790
276,15.59200
277,16.48330
278,14.97450
279,15.15660
280,16.43750
281,17.37460
282,19.19000
283,19.07580
284,18.42970
285,18.18700
286,17.79090
287,18.06070
288,18.16780
289,17.91510
290,18.31560
291,16.55900
292,19.25320
293,17.23540
294,17.45370
295,16.62250
296,17.48520
297,17.88400
298,18.38100
299,16.62010
300,18.14790
301,18.17550
302,17.77480
303,18.03850
304,17.21920
305,17.94530
306,17.75760
307,18.21230
308,17.64650
309,18.39000
310,17.79010
311,17.87550
312,17.18770
313,17.16430
314,17.89100
315,17.88530
316,17.15180
317,17.81590
318,17.53550
319,18.04480
320,17.83540
321,18.25520
322,17.73740
323,17.21620
324,18.53360
325,16.76360
326,18.43540
327,17.27030
328,18.62700
329,16.41420
330,25.72960
331,9.50440
332,17.45090
333,17.95840
334,18.00730
335,17.57580
336,17.45420
337,18.00740
338,17.85780
339,17.81720
340,17.04720
341,18.14520
342,18.27610
343,17.37670
344,18.46970
345,18.48100
346,17.25260
347,18.13910
348,17.72470
349,17.50210
350,17.07540
351,18.00470
352,18.27510
353,18.52920
354,16.85850
355,20.80760
356,20.47480
357,16.21400
358,19.13640
359,17.43070
360,18.46110
361,16.96490
362,18.29500
363,17.22890
364,17.38780
365,18.03680
366,18.19130
367,18.98700
368,17.85300
369,18.62930
370,17.20880
371,18.70130
372,16.68630
373,17.50950
374,16.07420
375,18.07810
376,15.89120
377,17.41240
378,16.71010
379,17.34460
380,16.85570
381,17.68340
382,16.82930
383,17.38050
384,19.37310
385,20.62310
386,19.61620
387,19.71210
388,20.50560
389,19.71340
390,19.83950
391,18.97640
392,19.37710
393,20.09960
394,19.08910
395,18.31710
396,18.44480
397,17.66410
398,18.38860
399,18.49390
400,18.60700
401,18.32760
402,18.10490
403,18.21870
404,19.02390
405,18.00960
406,18.18090
407,17.54970
408,17.82370
409,17.38250
410,18.22680
411,17.16230
412,18.09690
413,17.75750
414,25.69890
415,10.51260
416,15.88290
417,17.80410
418,16.49010
419,17.79310
420,16.65240
421,17.40550
422,15.83800
423,17.72510
424,16.48490
425,17.22420
426,16.18160
427,17.12180
428,16.61250
429,17.20740
430,16.72290
431,17.12740
432,17.05210
433,17.11260
434,17.84630
435,16.73400
436,15.95750
437,17.18320
438,16.81880
439,17.39720
440,16.40600
441,18.31880
442,20.71960
443,21.78840
444,22.50330
445,21.26190
446,21.14960
447,20.70090
448,20.37520
449,20.77110
450,21.38660
451,21.53390
452,21.24340
453,18.51920
454,20.24090
455,17.44620
456,21.28030
457,18.66190
458,18.42140
459,18.91210
460,18.68870
461,21.20880
462,14.17030
463,17.79850
464,15.21190
465,15.48090
466,12.54990
467,15.78830
468,16.62520
469,13.32650
470,15.09390
471,15.48510
472,14.75680
473,15.37930
474,20.04440
475,17.39500
476,18.00740
477,18.30910
478,18.67380
479,17.63250
480,17.58280
481,18.16970
482,16.99880
483,18.23940
484,16.00020
485,19.38540
486,20.24460
487,19.76570
488,20.86080
489,19.34820
490,20.40000
491,19.33770
492,20.99920
493,22.65480
494,18.65960
495,19.39990
496,19.73810
497,19.78970
498,19.00620
499,17.79550
500,18.97990
501,18.24490
502,19.08540
503,18.18690
504,19.51630
505,18.98990
506,19.56660
507,18.39020
508,18.34400
509,18.40330
510,18.48080
511,17.81270
512,19.11930
513,17.38930
514,18.24110
515,16.63830
516,19.65730
517,16.60500
518,18.66640
519,17.20350
520,17.69190
521,16.91790
522,17.86570
523,17.30990
524,17.40850
525,17.31390
526,17.24100
527,17.76630
528,17.48040
529,18.61360
530,17.33520
531,20.90720
532,17.37750
533,17.00300
534,17.37900
535,17.40160
536,17.65840
537,18.92270
538,17.38640
539,17.85300
540,17.29710
541,18.34180
542,17.62710
543,17.94020
544,18.06640
545,18.82920
546,18.29120
547,18.03730
548,17.97340
549,17.75620
550,17.97660
551,17.85710
552,19.15850
553,21.82270
554,22.03780
555,22.14410
556,21.41280
557,21.72640
558,22.28390
559,21.38370
560,21.62730
561,20.80710
562,20.63880
563,21.12710
564,19.20580
565,20.61150
566,21.06900
567,18.52050
568,20.26850
569,19.61020
570,20.07820
571,20.17310
572,19.53340
573,19.24680
574,19.77830
575,18.40610
576,20.66600
577,18.04260
578,18.64480
579,18.43090
580,19.38600
581,18.02710
582,18.79380
583,18.19260
584,18.20240
585,17.74120
586,17.66250
587,18.28670
588,16.96360
589,18.04510
590,17.27460
591,18.55770
592,17.11960
593,19.26650
594,16.18930
595,18.12920
596,17.16220
597,18.31840
598,17.07040
599,17.41770
600,18.19820
601,17.49770
602,18.27400
603,17.50330
604,18.60030
605,17.18310
606,18.14420
607,16.65710
608,17.75500
609,17.53330
610,17.64660
611,18.12630
612,17.44970
613,18.02290
614,18.02020
615,16.94270
616,17.31880
617,17.59660
618,20.40610
619,21.85270
620,19.86270
621,20.69800
622,21.37020
623,19.96720
624,21.04550
625,20.95300
626,20.48250
627,20.13280
628,20.07610
629,18.65120
630,20.03620
631,19.77760
632,19.02360
633,18.83860
634,19.66480
635,19.03930
636,19.02210
637,18.12420
638,18.93290
639,19.55450
640,18.24500
641,17.81300
642,19.00860
643,18.59120
644,17.12550
645,18.58740
646,17.16130
647,18.49310
648,19.17880
649,18.94020
650,18.10770
651,17.94080
652,17.38780
653,17.28580
654,18.03420
655,17.17110
656,17.70950
657,17.78290
658,17.43230
659,17.64330
660,17.17920
661,17.44420
662,17.40720
663,17.84730
664,18.35780
665,18.19030
666,17.27030
667,16.74980
668,18.09520
669,17.49190
670,17.69250
671,17.76520
672,18.48720
673,20.29380
674,21.30320
675,21.22920
676,21.89380
677,20.78550
678,21.24730
679,20.19760
680,34.13690
681,14.26440
682,15.28660
683,23.35700
684,20.01790
685,19.06250
686,19.93690
687,20.37780
688,19.44890
689,20.13340
690,19.14280
691,19.59110
692,19.12420
693,18.67620
694,19.27610
695,18.69720
696,18.99270
697,18.37310
698,19.47090
699,18.05610
700,17.97520
701,18.52310
702,18.61850
703,18.61360
704,18.38610
705,17.99740
706,18.23690
707,17.50860
708,17.72580
709,17.65280
710,17.60640
711,17.36780
712,17.44070
713,16.91290
714,17.75230
715,16.95860
716,18.28400
717,16.62890
718,17.97440
719,16.69630
720,18.19820
721,16.64120
722,18.04480
723,16.91230
724,19.14080
725,16.95850
726,17.54370
727,18.55640
728,21.72870
729,22.04480
730,21.34010
731,21.57860
732,21.54460
733,20.26270
734,21.48050
735,21.19610
736,21.40440
737,20.50240
738,19.64910
739,19.08930
740,19.69190
741,19.71880
742,19.66710
743,19.37260
744,19.73120
745,19.85020
746,18.50010
747,19.27440
748,18.76400
749,19.68700
750,17.90960
751,19.05540
752,19.13060
753,18.17560
754,18.89760
755,18.23970
756,19.08950
757,18.37130
758,18.85330
759,17.85620
760,18.15930
761,18.49290
762,18.12080
763,19.15790
764,17.63370
765,17.10290
766,17.43830
767,18.29510
768,18.22270
769,18.67170
770,17.71320
771,18.13890
772,17.52220
773,18.74370
774,17.45510
775,17.91580
776,18.43560
777,17.78870
778,18.28140
779,18.02380
780,19.50800
781,21.40760
782,22.78110
783,22.67720
784,20.90350
785,21.96710
786,22.05720
787,20.93450
788,21.66260
789,21.40080
790,20.43440
791,20.93130
792,19.82420
793,19.52910
794,19.57240
795,19.61220
796,19.86220
797,19.44170
798,18.82300
799,20.20160
800,20.14060
801,20.43990
802,18.38800
803,19.45710
804,18.36380
805,18.52840
806,18.06600
807,18.60850
808,19.12650
809,18.40080
810,18.83110
811,18.05870
812,18.59200
813,17.81490
814,18.37060
815,17.74420
816,17.67770
817,18.21520
818,18.03540
819,18.13360
820,17.91030
821,18.62660
822,17.46320
823,19.22250
824,18.01750
825,18.00350
826,18.76250
827,17.65330
828,17.78190
829,18.06430
830,18.21960
831,17.86930
832,17.96210
833,18.02060
834,18.59700
835,17.83270
836,19.36320
837,17.03970
838,22.39450
839,17.46930
840,18.79230
841,18.83820
842,18.94860
843,17.89320
844,19.06520
845,16.37100
846,18.41680
847,19.28110
848,17.96810
849,19.61320
850,18.63090
851,16.94410
852,18.89180
853,17.50110
854,18.86840
855,18.11270
856,21.39130
857,22.11210
858,23.13920
859,21.32540
860,22.26780
861,21.32100
862,21.46140
863,21.26790
864,21.03630
865,20.63650
866,20.27510
867,19.43760
868,20.04900
869,22.90380
870,19.29800
871,18.59170
872,17.71880
873,18.29440
874,19.78090
875,19.10120
876,19.91420
877,20.25600
878,18.89140
879,16.54860
880,16.92690
881,18.07240
882,18.68790
883,19.69150
884,16.57130
885,18.05900
886,18.42500
887,17.38980
888,18.80450
889,17.36910
890,17.57090
891,17.20170
892,17.69930
893,17.23960
894,17.72750
895,16.79770
896,17.80170
897,17.36290
898,17.50470
899,17.10650
900,19.42860
901,16.80090
902,16.89040
903,17.66840
904,17.30990
905,17.36090
906,17.04820
907,17.73480
908,16.87160
909,18.00820
910,16.91110
911,20.73510
912,21.58270
913,21.68830
914,21.54870
915,21.31520
916,22.12610
917,20.55170
918,20.75280
919,21.07620
920,19.86560
921,19.75710
922,19.35540
923,20.82730
924,18.71380
925,19.43710
926,18.66430
927,19.66590
928,19.13910
929,19.15070
930,18.96190
931,18.46580
932,18.86500
933,18.35930
934,18.30910
935,18.09290
936,19.53400
937,18.00170
938,18.87040
939,18.08430
940,17.87470
941,18.17890
942,19.54790
943,16.34760
944,17.70730
945,16.53790
946,17.66620
947,17.19000
948,17.40400
949,16.83370
950,17.74540
951,17.44470
952,17.54640
953,17.13010
954,17.56190
955,16.75570
956,17.96340
957,16.75510
958,16.29520
959,17.24340
960,16.22940
961,18.33980
962,17.44390
963,16.78800
964,16.28560
965,17.46140
966,17.80180
967,20.17450
968,18.51870
969,19.94940
970,18.71410
971,19.81160
972,19.42340
973,18.52590
974,18.94920
975,19.42420
976,19.71360
977,18.66830
978,18.06720
979,18.94490
980,18.04110
981,18.76540
982,19.52110
983,18.93510
984,17.02930
985,18.24300
986,22.10610
987,16.95700
988,17.90940
989,16.39910
990,18.39360
991,16.68120
992,17.69830
993,17.05560
994,17.61770
995,16.60670
996,17.39810
997,17.26670
998,17.73200
999,20.59300
1000,18.95110
1001,16.58190
1002,17.83650
1003,18.42510
1004,17.15620
1005,17.38040
1006,18.03410
1007,17.09620
1008,17.96760
1009,18.28060
1010,17.83180
1011,18.40360
1012,17.88070
1013,16.85100
1014,17.67200
1015,18.08070
1016,17.13960
1017,17.53540
1018,17.88770
1019,16.98650
1020,17.44220
1021,17.91510
1022,22.19040
1023,20.77500
1024,22.45530
1025,20.72070
1026,22.31560
1027,21.15980
1028,21.50850
1029,20.30670
1030,20.74440
1031,20.28300
1032,20.16460
1033,21.40590
1034,17.77620
1035,18.57910
1036,18.68590
1037,18.46330
1038,19.02720
1039,19.01020
1040,19.67660
1041,23.96360
1042,13.62010
1043,18.88160
1044,18.50340
1045,17.93530
1046,18.50040
1047,18.04140
1048,18.04240
1049,18.46030
1050,17.87050
1051,19.09980
1052,16.81460
1053,18.61020
1054,17.45520
1055,17.63650
1056,16.93190
1057,18.25130
1058,17.11780
1059,16.53160
1060,17.18010
1061,17.40320
1062,17.03660
1063,17.57550
1064,17.63010
1065,17.90720
1066,16.97210
1067,17.07500
1068,16.84070
1069,17.44890
1070,17.89160
1071,17.06950
1072,17.55760
1073,16.81640
1074,17.49990
1075,18.20970
1076,17.04720
1077,18.95530
1078,16.42140
1079,17.43680
1080,17.34700
1081,16.83300
1082,17.65980
1083,17.17630
1084,17.86570
1085,18.17100
1086,17.40060
1087,16.82600
1088,18.37290
1089,21.61390
1090,23.44910
1091,22.78060
1092,22.63120
1093,22.54140
1094,22.08520
1095,22.76720
1096,21.59980
1097,21.20640
1098,22.21480
1099,19.81860
1100,20.05210
1101,19.85890
1102,19.60650
1103,20.08700
1104,19.59230
1105,20.36020
1106,20.30540
1107,18.35060
1108,19.36830
1109,14.99240
1110,15.74120
1111,15.24120
1112,15.48910
1113,14.74080
1114,14.93910
1115,15.81890
1116,14.65640
1117,15.56480
1118,15.07840
1119,15.88300
1120,15.50770
1121,21.74970
1122,19.62760
1123,19.66240
1124,19.47890
1125,18.94980
1126,18.98810
1127,17.42080
1128,18.14580
1129,18.09330
1130,18.51120
1131,18.27010
1132,21.46110
1133,25.20730
1134,25.57790
1135,24.22840
1136,24.68000
1137,24.49240
1138,24.15750
1139,24.35430
1140,23.09580
1141,16.45910
1142,15.39090
1143,14.98110
1144,15.41660
1145,14.84500
1146,16.36770
1147,14.54850
1148,16.44330
1149,14.75070
1150,16.57920
1151,15.96120
1152,20.68800
1153,18.45850
1154,19.21500
1155,18.60950
1156,18.16980
1157,17.65870
1158,17.69130
1159,18.07260
1160,17.65460
1161,17.44770
1162,18.84770
1163,17.42890
1164,31.59860
1165,28.10840
1166,44.95480
1167,36.58500
1168,37.02850
1169,34.96400
1170,19.57130
1171,16.98660
1172,15.03540
1173,16.02610
1174,15.48230
1175,15.73780
1176,16.30140
1177,15.98740
1178,15.66460
1179,16.95190
1180,15.42950
1181,21.53530
1182,21.33960
1183,19.38740
1184,19.42570
1185,18.93110
1186,18.70710
1187,18.65250
1188,19.98920
1189,17.21760
1190,18.23320
1191,18.10220
1192,17.88990
1193,20.29250
1194,28.06620
1195,27.29170
1196,27.85880
1197,25.41880
1198,26.19820
1199,27.40990
1200,24.48720
1201,24.84170
1202,24.04210
1203,23.47580
1204,22.65260
1205,27.91620
1206,18.75590
1207,26.63760
1208,18.10040
1209,23.21560
1210,16.08880
1211,16.77900
1212,15.57060
1213,16.49200
1214,15.99580
1215,15.82000
1216,15.95160
1217,16.05190
1218,16.16010
1219,15.54100
1220,20.17670
1221,22.31640
1222,21.27500
1223,24.63210
1224,20.84730
1225,19.26870
1226,19.24870
1227,19.24310
1228,19.20620
1229,18.69890
1230,18.85320
1231,20.20940
1232,22.30920
1233,25.93820
1234,25.53820
1235,24.85420
1236,25.08930
1237,24.49030
1238,24.50730
1239,23.45550
1240,20.22850
1241,17.34800
1242,15.01850
1243,15.60330
1244,16.11180
1245,16.93170
1246,14.90430
1247,17.27560
1248,14.37900
1249,15.95320
1250,17.88360
1251,24.21660
1252,29.11290
1253,13.65020
1254,22.68290
1255,20.27030
1256,20.97160
1257,19.15920
1258,20.30510
1259,20.15130
1260,19.45290
1261,20.08950
1262,19.09750
1263,19.17820
1264,19.60440
1265,19.78680
1266,19.70350
1267,18.92220
1268,19.85070
1269,19.02930
1270,19.18070
1271,29.68160
1272,12.43630
1273,15.31570
1274,19.44120
1275,19.56180
1276,18.52770
1277,20.03640
1278,19.39240
1279,19.25900
1280,18.70960
1281,18.52090
1282,19.19470
1283,20.31120
1284,19.29870
1285,19.63780
1286,18.95470
1287,19.52400
1288,18.84020
1289,19.22720
1290,19.75570
1291,19.15970
1292,19.77650
1293,19.08650
1294,18.82200
1295,18.75240
1296,19.19100
1297,18.88250
1298,18.60150
1299,18.83590
1300,17.23010
1301,18.63010
1302,18.15660
1303,18.72970
1304,18.41870
1305,18.64130
1306,18.67590
1307,18.22060
1308,18.63940
1309,17.91010
1310,20.75010
1311,17.56120
1312,22.03260
1313,17.90050
1314,19.03280
1315,20.09520
1316,21.57280
1317,22.95470
1318,23.70640
1319,21.75300
1320,22.46250
1321,22.41380
1322,22.01810
1323,21.94170
1324,22.54660
1325,19.98760
1326,20.69860
1327,20.51730
1328,20.11770
1329,20.25270
1330,20.60840
1331,20.55030
1332,19.81020
1333,18.96090
1334,21.23810
1335,18.84340
1336,20.60330
1337,19.59990
1338,18.23520
1339,18.66960
1340,18.83220
1341,18.45970
1342,18.14030
1343,18.97980
1344,17.67270
1345,18.26010
1346,18.39320
1347,18.99480
1348,19.04960
1349,17.54130
1350,19.58140
1351,17.02500
1352,18.26430
1353,17.71050
1354,17.91180
1355,17.43230
1356,18.35330
1357,18.47990
1358,17.70240
1359,19.20940
1360,17.74260
1361,18.34700
1362,18.00300
1363,18.12580
1364,18.21510
1365,17.95370
1366,18.53210
1367,18.82010
1368,18.63310
1369,23.14580
1370,24.12450
1371,23.22330
1372,24.63650
1373,23.25550
1374,24.38190
1375,21.03180
1376,22.31760
1377,22.37900
1378,20.95460
1379,21.58890
1380,21.68180
1381,20.88110
1382,22.23210
1383,19.97150
1384,20.56230
1385,20.35800
1386,20.37450
1387,20.33010
1388,20.94900
1389,19.33940
1390,19.40730
1391,19.93960
1392,19.96190
1393,19.94290
1394,19.50880
1395,19.37850
1396,17.78260
1397,19.24170
1398,19.53400
1399,17.80730
1400,19.05460
1401,18.12060
1402,19.37530
1403,17.74390
1404,18.75850
1405,18.62770
1406,18.73390
1407,18.42710
1408,18.75130
1409,18.95030
1410,18.43920
1411,18.74270
1412,17.57520
1413,19.41970
1414,18.28750
1415,18.68870
1416,17.91000
1417,18.88580
1418,19.37830
1419,18.00470
1420,19.02660
1421,18.07670
1422,18.66340
1423,18.17980
1424,18.66100
1425,19.36050
1426,17.76230
1427,18.81570
1428,17.97740
1429,19.05720
1430,19.91580
1431,18.44960
1432,18.43460
1433,18.21270
1434,19.63550
1435,17.63070
1436,18.81760
1437,18.47900
1438,17.87790
1439,19.21110
1440,91.57160
1441,5.06630
1442,5.67450
1443,16.40430
1444,15.16220
1445,17.70810
1446,21.27610
1447,21.57520
1448,20.79090
1449,19.81880
1450,27.54480
1451,30.05120
1452,30.73980
1453,28.90390
1454,28.75770
1455,25.00230
1456,26.57860
1457,20.89270
1458,16.71530
1459,15.30440
1460,15.91260
1461,16.09970
1462,17.13010
1463,15.98970
1464,15.46930
1465,15.99400
1466,17.44230
1467,17.02150
1468,24.71580
1469,26.88040
1470,30.77320
1471,30.35130
1472,26.32960
1473,27.05610
1474,23.39090
1475,24.15500
1476,25.54370
1477,22.16180
1478,22.35200
1479,21.90900
1480,20.81320
1481,20.89310
1482,20.73770
1483,21.06640
1484,20.43090
1485,20.84140
1486,20.58410
1487,19.99130
1488,19.16580
1489,19.11770
1490,18.64270
1491,19.37430
1492,19.52480
1493,19.33980
1494,18.68770
1495,19.25200
1496,19.69340
1497,19.20320
1498,18.24930
1499,17.74250
1500,18.64450
1501,18.13610
1502,18.56730
1503,17.91580
1504,18.03340
1505,17.84310
1506,17.76530
1507,18.55730
1508,18.30430
1509,17.83120
1510,18.62600
1511,17.87700
1512,17.86040
1513,17.15150
1514,18.07180
1515,16.64070
1516,18.04510
1517,16.61640
1518,17.27820
1519,17.08520
1520,20.28030
1521,22.02960
1522,21.80510
1523,21.11360
1524,20.71060
1525,21.14450
1526,20.14590
1527,20.60400
1528,20.83010
1529,19.76890
1530,19.51730
1531,19.75760
1532,17.88600
1533,21.07330
1534,16.83000
1535,19.43940
1536,18.57730
1537,18.61190
1538,18.55950
1539,19.27060
1540,19.01250
1541,18.78210
1542,18.59930
1543,17.63390
1544,17.88440
1545,18.23560
1546,18.13210
1547,17.94670
1548,17.41100
1549,17.84660
1550,17.65670
1551,18.77990
1552,17.43080
1553,17.65350
1554,17.29400
1555,17.09330
1556,17.26780
1557,17.07840
1558,17.53280
1559,16.78960
1560,17.39680
1561,16.66860
1562,16.99160
1563,17.59720
1564,19.86640
1565,20.55080
1566,22.27740
1567,19.91100
1568,20.65430
1569,19.31390
1570,19.98920
1571,20.26930
1572,19.63700
1573,20.04170
1574,19.36150
1575,18.98960
1576,19.70950
1577,18.75870
1578,18.65030
1579,19.34960
1580,17.85950
1581,18.34960
1582,17.97230
1583,18.55580
1584,19.20020
1585,18.52210
1586,17.52780
1587,18.77340
1588,17.03270
