time,processId,availableMB,commitPercent,privateMB,workingSetMB,treeTracked,treePrivateMB,treeWorkingSetMB,treeProcessCount
2026-10-06T15:18:38.7926632+02:00,26376,12966,50,0,3,True,3,16,2
2026-10-06T15:18:42.3063327+02:00,26376,12794,50,13,23,True,67,115,7
2026-10-06T15:18:45.7856782+02:00,26376,12769,50,13,23,True,71,120,7
2026-10-06T15:18:49.2413670+02:00,26376,12744,50,13,23,True,76,123,7
2026-10-06T15:18:52.6630279+02:00,26376,12781,50,13,23,True,51,85,4
2026-10-06T15:18:56.0810438+02:00,26376,12774,50,13,23,True,53,87,4
2026-10-06T15:18:59.4940844+02:00,26376,12815,50,13,23,True,55,88,4
2026-10-06T15:19:02.9261452+02:00,26376,12845,50,13,23,True,58,91,4
2026-10-06T15:19:06.3283151+02:00,26376,12853,50,14,24,True,15,35,2
2026-10-06T15:19:09.7330483+02:00,26376,12869,50,15,25,True,16,35,2
2026-10-06T15:19:13.1283885+02:00,26376,12846,50,13,23,True,46,81,4
2026-10-06T15:19:16.5372194+02:00,26376,12845,50,13,23,True,46,81,4
2026-10-06T15:19:19.9734498+02:00,26376,12804,50,13,23,True,82,131,6
2026-10-06T15:19:23.4012361+02:00,26376,12795,50,13,23,True,89,125,4
2026-10-06T15:19:26.8120162+02:00,26376,12705,50,13,23,True,139,176,4
2026-10-06T15:19:30.2426446+02:00,26376,12696,50,13,23,True,176,212,4
